username,password_hash
admin_sec,2f4e7e71ac29e0b1d6da687169c973794a337094d1f7e36bcd0a456c350b625b4fbd9a56848bf341e1003a8e1b4909a3
analyst_1,435ab6b473ffa6820b0e24d0c2e650f231b71bd78a6c0ac85c850b4d44016a0cd52df62ec6574fee986b4f4584de8dea
user_test,8babb1f3dd85d0bcb87f2155e605a3fa37b22c67e73726a1e397f6ec98cf38a36dda2d7846b315ff554cb9e678cb88bd
audit_lead,61cd62e3d9ab51b36ff91490a7c4d44872e917382f403e4aec0069deb61ed4bc50a85023539708d8532b73d5b924868e
guest_user,b22b8d3956d9d07e351bacb7b652af2ad22efdefa85fd392d30faad12f9ea36e7033dd2f9b7bf2478a626765d688e86a
dev_engineer,3b70c5831252d9cd199a973be776787386cffa858af24d87cd546d61f5b2f9e2b8fc3741f6a8de9ffc4af7d4d0ab7a22
manager_sec,7672e65030925cefaabf82995dbe49987a38ea4513c7e0020c60a20b5a61d6753f9f9eaade1e0c686a72af6cdf0fecee
sys_monitor,f4dc44a0041d879f0cad030a4b829b0d43753f86b1bc649838d05796775f931b8d4e97b6ac1f1b6905a349f1d161b6b3
soc_analyst,c879932413ef719a96a645cff23033274544b75ede91bf44a552c234703d17a0ed030f48d4517cf075603a52f233de0b
